title,description
Applied Physics 401,A comprehensive study covering all major aspects of physics at the 401 level.
Intro to Biology 201,A comprehensive study covering all major aspects of biology at the 201 level.
Theory of History 101,A comprehensive study covering all major aspects of history at the 101 level.
Advanced History 301,A comprehensive study covering all major aspects of history at the 301 level.
Principles of Literature 101,A comprehensive study covering all major aspects of literature at the 101 level.
Principles of Biology 401,A comprehensive study covering all major aspects of biology at the 401 level.
Principles of Philosophy 401,A comprehensive study covering all major aspects of philosophy at the 401 level.
Theory of Mathematics 301,A comprehensive study covering all major aspects of mathematics at the 301 level.
Applied Mathematics 401,A comprehensive study covering all major aspects of mathematics at the 401 level.
Applied Philosophy 301,A comprehensive study covering all major aspects of philosophy at the 301 level.
Advanced Biology 401,A comprehensive study covering all major aspects of biology at the 401 level.
Intro to Biology 101,A comprehensive study covering all major aspects of biology at the 101 level.
Advanced Chemistry 201,A comprehensive study covering all major aspects of chemistry at the 201 level.
Applied Mathematics 201,A comprehensive study covering all major aspects of mathematics at the 201 level.
Advanced Literature 201,A comprehensive study covering all major aspects of literature at the 201 level.
